INSERT INTO Shift_Types( shift_name, hours_cuantity) VALUES ('8/8',24 );
INSERT INTO Shift_Types( shift_name, hours_cuantity) VALUES ( '9/9', 24);
INSERT INTO Shift_Types( shift_name, hours_cuantity) VALUES ( '8/22',14);
INSERT INTO Shift_Types( shift_name, hours_cuantity) VALUES ( '17/8',15);

INSERT INTO Doctors_Errors(id_doctors_errors,  error_scales, errors_character) VALUES (2,  1, 'В заполнении документации');
INSERT INTO Doctors_Errors(id_doctors_errors,  error_scales, errors_character) VALUES (3,  2, 'Тактические');
INSERT INTO Doctors_Errors(id_doctors_errors,  error_scales, errors_character) VALUES (4,  3, 'В лечении без последствий');
INSERT INTO Doctors_Errors(id_doctors_errors,  error_scales, errors_character) VALUES (5,  4, 'В лечении с вредом');
INSERT INTO Doctors_Errors(id_doctors_errors,  error_scales, errors_character) VALUES (0,  0, 'нет');


INSERT INTO Group_Result_Of_Doctors_Calls(id_calls, name_of_group_results,describe_group_result) VALUES (1, 'deaths','Смерть');
INSERT INTO Group_Result_Of_Doctors_Calls(id_calls, name_of_group_results,describe_group_result) VALUES (2, 'calls_with_result','Результативный');
INSERT INTO Group_Result_Of_Doctors_Calls(id_calls, name_of_group_results,describe_group_result) VALUES (3, 'calls_without_result','Безрезультатно');
INSERT INTO Group_Result_Of_Doctors_Calls(id_calls, name_of_group_results,describe_group_result) VALUES (4, 'calls_without_service','Без обслуживания');
INSERT INTO Group_Result_Of_Doctors_Calls(id_calls, name_of_group_results,describe_group_result) VALUES (5, 'calls_transmitted_to_spec','Передан специализированной бригаде');


INSERT INTO Result_Of_Doctors_Calls(id_result_of_doctor_calls, type_of_result, rus_describe_result, Group_Result_Of_Doctors_Calls_id_calls) VALUES (1, 'death_before_arrival', 'Смерть до прибытия',1);
INSERT INTO Result_Of_Doctors_Calls(id_result_of_doctor_calls, type_of_result, rus_describe_result, Group_Result_Of_Doctors_Calls_id_calls) VALUES (2, 'death_in_presense','Смерть в присутствии', 1);
INSERT INTO Result_Of_Doctors_Calls(id_result_of_doctor_calls, type_of_result, rus_describe_result, Group_Result_Of_Doctors_Calls_id_calls) VALUES (3, 'death_in_car','Смерть в машине', 1);
INSERT INTO Result_Of_Doctors_Calls(id_result_of_doctor_calls, type_of_result, rus_describe_result, Group_Result_Of_Doctors_Calls_id_calls) VALUES (4, 'without_result_death_record','Констатация смерти', 3);
INSERT INTO Result_Of_Doctors_Calls(id_result_of_doctor_calls, type_of_result, rus_describe_result, Group_Result_Of_Doctors_Calls_id_calls) VALUES (5, 'without_result_false','Ложный', 3);
INSERT INTO Result_Of_Doctors_Calls(id_result_of_doctor_calls, type_of_result, rus_describe_result, Group_Result_Of_Doctors_Calls_id_calls) VALUES (6, 'without_result_other', 'Безрезультатный другие' ,3);
INSERT INTO Result_Of_Doctors_Calls(id_result_of_doctor_calls, type_of_result, rus_describe_result, Group_Result_Of_Doctors_Calls_id_calls) VALUES (7, 'without_service_keepwatch', 'Дежурство',4);
INSERT INTO Result_Of_Doctors_Calls(id_result_of_doctor_calls, type_of_result, rus_describe_result, Group_Result_Of_Doctors_Calls_id_calls) VALUES (8, 'transportation_matherial_consultants','Транспортировка материалов', 4);
INSERT INTO Result_Of_Doctors_Calls(id_result_of_doctor_calls, type_of_result, rus_describe_result, Group_Result_Of_Doctors_Calls_id_calls) VALUES (9, 'without_service_unknown', 'Без обслуживания другие', 4);
INSERT INTO Result_Of_Doctors_Calls(id_result_of_doctor_calls, type_of_result, rus_describe_result, Group_Result_Of_Doctors_Calls_id_calls) VALUES (10, 'result_emmergency', 'Экстренный',2);
INSERT INTO Result_Of_Doctors_Calls(id_result_of_doctor_calls, type_of_result, rus_describe_result, Group_Result_Of_Doctors_Calls_id_calls) VALUES (11, 'result_urgent','Неотложный', 2);
INSERT INTO Result_Of_Doctors_Calls(id_result_of_doctor_calls, type_of_result, rus_describe_result, Group_Result_Of_Doctors_Calls_id_calls) VALUES (12, 'result_polyclinic','За поликлинику', 2);
INSERT INTO Result_Of_Doctors_Calls(id_result_of_doctor_calls, type_of_result, rus_describe_result, Group_Result_Of_Doctors_Calls_id_calls) VALUES (13, 'result_transportation','Госпитализация', 2);
INSERT INTO Result_Of_Doctors_Calls(id_result_of_doctor_calls, type_of_result, rus_describe_result, Group_Result_Of_Doctors_Calls_id_calls) VALUES (14, 'result_ambulatorno', 'Амбулаторно',2);

INSERT INTO Personal(id_personal, p_name, p_surname, p_patronymic, Passport_id_passport) VALUES (1,'Жуков','Гордей','Викентьевич',NULL );
INSERT INTO Personal(id_personal, p_name, p_surname, p_patronymic, Passport_id_passport) VALUES (2,'Дубова','Анисья','Ефимьевна',NULL );
INSERT INTO Personal(id_personal, p_name, p_surname, p_patronymic, Passport_id_passport) VALUES (3,'Афонин','Рустам','Ерофеевич',NULL );
INSERT INTO Personal(id_personal, p_name, p_surname, p_patronymic, Passport_id_passport) VALUES (4,'Ерофеев','Сергей','Ефстафьевич',NULL );
INSERT INTO Personal(id_personal, p_name, p_surname, p_patronymic, Passport_id_passport) VALUES (5,'Коровин','Юрий','Матвеевич',NULL );
INSERT INTO Personal(id_personal, p_name, p_surname, p_patronymic, Passport_id_passport) VALUES (6,'Ёмочкина','Варвара','Ефремовна',NULL );
INSERT INTO Personal(id_personal, p_name, p_surname, p_patronymic, Passport_id_passport) VALUES (7,'Игнатьев','Мартын','Фокич',NULL );
INSERT INTO Personal(id_personal, p_name, p_surname, p_patronymic, Passport_id_passport) VALUES (8,'Селезнева','Алиса','Ефимовна',NULL );
INSERT INTO Personal(id_personal, p_name, p_surname, p_patronymic, Passport_id_passport) VALUES (9,'Авдюничева','Эльга','Ефремовна',NULL );
INSERT INTO Personal(id_personal, p_name, p_surname, p_patronymic, Passport_id_passport) VALUES (10,'Колесов','Илья','Васильевич',NULL );


INSERT INTO Shifts( work_date, personal_id_personal, shift_types_id_shift_types) VALUES( '2017-01-28', 1, 3);
INSERT INTO Shifts( work_date, personal_id_personal, shift_types_id_shift_types) VALUES( '2017-02-01', 1, 3);
INSERT INTO Shifts( work_date, personal_id_personal, shift_types_id_shift_types) VALUES( '2017-03-08', 1, 2);
INSERT INTO Shifts( work_date, personal_id_personal, shift_types_id_shift_types) VALUES( '2017-04-19', 1, 3);
INSERT INTO Shifts( work_date, personal_id_personal, shift_types_id_shift_types) VALUES( '2017-05-26', 1, 4);
INSERT INTO Shifts( work_date, personal_id_personal, shift_types_id_shift_types) VALUES( '2017-06-11', 1, 1);
INSERT INTO Shifts( work_date, personal_id_personal, shift_types_id_shift_types) VALUES( '2017-07-22', 1, 4);
INSERT INTO Shifts( work_date, personal_id_personal, shift_types_id_shift_types) VALUES( '2017-08-14', 1, 2);
INSERT INTO Shifts( work_date, personal_id_personal, shift_types_id_shift_types) VALUES( '2017-09-25', 1, 2);
INSERT INTO Shifts( work_date, personal_id_personal, shift_types_id_shift_types) VALUES( '2017-10-09', 1, 1);
INSERT INTO Shifts( work_date, personal_id_personal, shift_types_id_shift_types) VALUES( '2017-11-28', 1, 3);
INSERT INTO Shifts( work_date, personal_id_personal, shift_types_id_shift_types) VALUES( '2017-12-01', 1, 4);
INSERT INTO Shifts( work_date, personal_id_personal, shift_types_id_shift_types) VALUES( '2017-01-18', 1, 3);
INSERT INTO Shifts( work_date, personal_id_personal, shift_types_id_shift_types) VALUES( '2017-02-22', 1, 4);
INSERT INTO Shifts( work_date, personal_id_personal, shift_types_id_shift_types) VALUES( '2017-03-28', 1, 3);
INSERT INTO Shifts( work_date, personal_id_personal, shift_types_id_shift_types) VALUES( '2017-04-26', 1, 4);
INSERT INTO Shifts( work_date, personal_id_personal, shift_types_id_shift_types) VALUES( '2017-05-03', 1, 2);
INSERT INTO Shifts( work_date, personal_id_personal, shift_types_id_shift_types) VALUES( '2017-06-27', 1, 4);
INSERT INTO Shifts( work_date, personal_id_personal, shift_types_id_shift_types) VALUES( '2017-07-23', 1, 3);
INSERT INTO Shifts( work_date, personal_id_personal, shift_types_id_shift_types) VALUES( '2017-08-18', 1, 2);
INSERT INTO Shifts( work_date, personal_id_personal, shift_types_id_shift_types) VALUES( '2017-09-23', 1, 2);
INSERT INTO Shifts( work_date, personal_id_personal, shift_types_id_shift_types) VALUES( '2017-10-01', 1, 3);
INSERT INTO Shifts( work_date, personal_id_personal, shift_types_id_shift_types) VALUES( '2017-11-13', 1, 1);
INSERT INTO Shifts( work_date, personal_id_personal, shift_types_id_shift_types) VALUES( '2017-12-26', 1, 3);
INSERT INTO Shifts( work_date, personal_id_personal, shift_types_id_shift_types) VALUES( '2017-01-12', 1, 1);
INSERT INTO Shifts( work_date, personal_id_personal, shift_types_id_shift_types) VALUES( '2017-02-03', 1, 4);
INSERT INTO Shifts( work_date, personal_id_personal, shift_types_id_shift_types) VALUES( '2017-03-18', 1, 2);
INSERT INTO Shifts( work_date, personal_id_personal, shift_types_id_shift_types) VALUES( '2017-04-04', 1, 3);
INSERT INTO Shifts( work_date, personal_id_personal, shift_types_id_shift_types) VALUES( '2017-05-22', 1, 4);
INSERT INTO Shifts( work_date, personal_id_personal, shift_types_id_shift_types) VALUES( '2017-06-09', 1, 1);
INSERT INTO Shifts( work_date, personal_id_personal, shift_types_id_shift_types) VALUES( '2017-07-15', 1, 2);
INSERT INTO Shifts( work_date, personal_id_personal, shift_types_id_shift_types) VALUES( '2017-08-06', 1, 1);
INSERT INTO Shifts( work_date, personal_id_personal, shift_types_id_shift_types) VALUES( '2017-09-06', 1, 4);
INSERT INTO Shifts( work_date, personal_id_personal, shift_types_id_shift_types) VALUES( '2017-10-21', 1, 1);
INSERT INTO Shifts( work_date, personal_id_personal, shift_types_id_shift_types) VALUES( '2017-11-06', 1, 3);
INSERT INTO Shifts( work_date, personal_id_personal, shift_types_id_shift_types) VALUES( '2017-12-10', 1, 1);
INSERT INTO Shifts( work_date, personal_id_personal, shift_types_id_shift_types) VALUES( '2017-01-26', 1, 3);
INSERT INTO Shifts( work_date, personal_id_personal, shift_types_id_shift_types) VALUES( '2017-02-10', 1, 1);
INSERT INTO Shifts( work_date, personal_id_personal, shift_types_id_shift_types) VALUES( '2017-03-27', 1, 2);
INSERT INTO Shifts( work_date, personal_id_personal, shift_types_id_shift_types) VALUES( '2017-04-17', 1, 4);
INSERT INTO Shifts( work_date, personal_id_personal, shift_types_id_shift_types) VALUES( '2017-05-12', 1, 1);
INSERT INTO Shifts( work_date, personal_id_personal, shift_types_id_shift_types) VALUES( '2017-06-13', 1, 1);
INSERT INTO Shifts( work_date, personal_id_personal, shift_types_id_shift_types) VALUES( '2017-07-02', 1, 3);
INSERT INTO Shifts( work_date, personal_id_personal, shift_types_id_shift_types) VALUES( '2017-08-03', 1, 2);
INSERT INTO Shifts( work_date, personal_id_personal, shift_types_id_shift_types) VALUES( '2017-09-27', 1, 1);
INSERT INTO Shifts( work_date, personal_id_personal, shift_types_id_shift_types) VALUES( '2017-10-23', 1, 1);
INSERT INTO Shifts( work_date, personal_id_personal, shift_types_id_shift_types) VALUES( '2017-11-19', 1, 2);
INSERT INTO Shifts( work_date, personal_id_personal, shift_types_id_shift_types) VALUES( '2017-12-05', 1, 2);
INSERT INTO Shifts( work_date, personal_id_personal, shift_types_id_shift_types) VALUES( '2017-01-10', 1, 3);
INSERT INTO Shifts( work_date, personal_id_personal, shift_types_id_shift_types) VALUES( '2017-02-17', 1, 3);
INSERT INTO Shifts( work_date, personal_id_personal, shift_types_id_shift_types) VALUES( '2017-03-06', 1, 1);
INSERT INTO Shifts( work_date, personal_id_personal, shift_types_id_shift_types) VALUES( '2017-04-23', 1, 1);
INSERT INTO Shifts( work_date, personal_id_personal, shift_types_id_shift_types) VALUES( '2017-05-21', 1, 3);
INSERT INTO Shifts( work_date, personal_id_personal, shift_types_id_shift_types) VALUES( '2017-06-01', 1, 3);
INSERT INTO Shifts( work_date, personal_id_personal, shift_types_id_shift_types) VALUES( '2017-07-10', 1, 1);
INSERT INTO Shifts( work_date, personal_id_personal, shift_types_id_shift_types) VALUES( '2017-08-24', 1, 2);
INSERT INTO Shifts( work_date, personal_id_personal, shift_types_id_shift_types) VALUES( '2017-09-28', 1, 2);
INSERT INTO Shifts( work_date, personal_id_personal, shift_types_id_shift_types) VALUES( '2017-10-08', 1, 3);
INSERT INTO Shifts( work_date, personal_id_personal, shift_types_id_shift_types) VALUES( '2017-11-09', 1, 2);
INSERT INTO Shifts( work_date, personal_id_personal, shift_types_id_shift_types) VALUES( '2017-12-18', 1, 3);
INSERT INTO Shifts( work_date, personal_id_personal, shift_types_id_shift_types) VALUES( '2017-01-26', 1, 1);
INSERT INTO Shifts( work_date, personal_id_personal, shift_types_id_shift_types) VALUES( '2017-02-06', 1, 3);
INSERT INTO Shifts( work_date, personal_id_personal, shift_types_id_shift_types) VALUES( '2017-03-16', 1, 3);
INSERT INTO Shifts( work_date, personal_id_personal, shift_types_id_shift_types) VALUES( '2017-04-03', 1, 4);
INSERT INTO Shifts( work_date, personal_id_personal, shift_types_id_shift_types) VALUES( '2017-05-20', 1, 1);
INSERT INTO Shifts( work_date, personal_id_personal, shift_types_id_shift_types) VALUES( '2017-06-03', 1, 2);
INSERT INTO Shifts( work_date, personal_id_personal, shift_types_id_shift_types) VALUES( '2017-07-12', 1, 1);
INSERT INTO Shifts( work_date, personal_id_personal, shift_types_id_shift_types) VALUES( '2017-08-03', 1, 1);
INSERT INTO Shifts( work_date, personal_id_personal, shift_types_id_shift_types) VALUES( '2017-09-15', 1, 1);
INSERT INTO Shifts( work_date, personal_id_personal, shift_types_id_shift_types) VALUES( '2017-10-20', 1, 4);
INSERT INTO Shifts( work_date, personal_id_personal, shift_types_id_shift_types) VALUES( '2017-11-20', 1, 3);
INSERT INTO Shifts( work_date, personal_id_personal, shift_types_id_shift_types) VALUES( '2017-12-20', 1, 3);
INSERT INTO Shifts( work_date, personal_id_personal, shift_types_id_shift_types) VALUES( '2017-01-09', 1, 4);
INSERT INTO Shifts( work_date, personal_id_personal, shift_types_id_shift_types) VALUES( '2017-02-07', 1, 2);
INSERT INTO Shifts( work_date, personal_id_personal, shift_types_id_shift_types) VALUES( '2017-03-10', 1, 4);
INSERT INTO Shifts( work_date, personal_id_personal, shift_types_id_shift_types) VALUES( '2017-04-25', 1, 3);
INSERT INTO Shifts( work_date, personal_id_personal, shift_types_id_shift_types) VALUES( '2017-05-18', 1, 2);
INSERT INTO Shifts( work_date, personal_id_personal, shift_types_id_shift_types) VALUES( '2017-06-20', 1, 2);
INSERT INTO Shifts( work_date, personal_id_personal, shift_types_id_shift_types) VALUES( '2017-07-02', 1, 1);
INSERT INTO Shifts( work_date, personal_id_personal, shift_types_id_shift_types) VALUES( '2017-08-04', 1, 3);
INSERT INTO Shifts( work_date, personal_id_personal, shift_types_id_shift_types) VALUES( '2017-09-14', 1, 1);
INSERT INTO Shifts( work_date, personal_id_personal, shift_types_id_shift_types) VALUES( '2017-10-04', 1, 1);
INSERT INTO Shifts( work_date, personal_id_personal, shift_types_id_shift_types) VALUES( '2017-11-15', 1, 2);
INSERT INTO Shifts( work_date, personal_id_personal, shift_types_id_shift_types) VALUES( '2017-12-06', 1, 3);
INSERT INTO Shifts( work_date, personal_id_personal, shift_types_id_shift_types) VALUES( '2017-01-27', 1, 2);
INSERT INTO Shifts( work_date, personal_id_personal, shift_types_id_shift_types) VALUES( '2017-02-11', 1, 4);
INSERT INTO Shifts( work_date, personal_id_personal, shift_types_id_shift_types) VALUES( '2017-03-02', 1, 3);
INSERT INTO Shifts( work_date, personal_id_personal, shift_types_id_shift_types) VALUES( '2017-04-24', 1, 3);
INSERT INTO Shifts( work_date, personal_id_personal, shift_types_id_shift_types) VALUES( '2017-05-07', 1, 4);
INSERT INTO Shifts( work_date, personal_id_personal, shift_types_id_shift_types) VALUES( '2017-06-08', 1, 3);
INSERT INTO Shifts( work_date, personal_id_personal, shift_types_id_shift_types) VALUES( '2017-07-24', 1, 4);
INSERT INTO Shifts( work_date, personal_id_personal, shift_types_id_shift_types) VALUES( '2017-08-08', 1, 1);
INSERT INTO Shifts( work_date, personal_id_personal, shift_types_id_shift_types) VALUES( '2017-09-26', 1, 1);
INSERT INTO Shifts( work_date, personal_id_personal, shift_types_id_shift_types) VALUES( '2017-10-24', 1, 2);
INSERT INTO Shifts( work_date, personal_id_personal, shift_types_id_shift_types) VALUES( '2017-11-20', 1, 2);
INSERT INTO Shifts( work_date, personal_id_personal, shift_types_id_shift_types) VALUES( '2017-12-28', 1, 3);
INSERT INTO Shifts( work_date, personal_id_personal, shift_types_id_shift_types) VALUES( '2017-01-16', 1, 2);
INSERT INTO Shifts( work_date, personal_id_personal, shift_types_id_shift_types) VALUES( '2017-02-14', 1, 2);
INSERT INTO Shifts( work_date, personal_id_personal, shift_types_id_shift_types) VALUES( '2017-03-13', 1, 1);
INSERT INTO Shifts( work_date, personal_id_personal, shift_types_id_shift_types) VALUES( '2017-04-05', 1, 1);
INSERT INTO Shifts( work_date, personal_id_personal, shift_types_id_shift_types) VALUES( '2017-05-27', 1, 4);
INSERT INTO Shifts( work_date, personal_id_personal, shift_types_id_shift_types) VALUES( '2017-06-27', 1, 2);
INSERT INTO Shifts( work_date, personal_id_personal, shift_types_id_shift_types) VALUES( '2017-07-07', 1, 3);
INSERT INTO Shifts( work_date, personal_id_personal, shift_types_id_shift_types) VALUES( '2017-08-16', 1, 1);
INSERT INTO Shifts( work_date, personal_id_personal, shift_types_id_shift_types) VALUES( '2017-09-12', 1, 1);
INSERT INTO Shifts( work_date, personal_id_personal, shift_types_id_shift_types) VALUES( '2017-10-03', 1, 4);
INSERT INTO Shifts( work_date, personal_id_personal, shift_types_id_shift_types) VALUES( '2017-11-14', 1, 4);
INSERT INTO Shifts( work_date, personal_id_personal, shift_types_id_shift_types) VALUES( '2017-12-06', 1, 4);
INSERT INTO Shifts( work_date, personal_id_personal, shift_types_id_shift_types) VALUES( '2017-01-18', 1, 2);
INSERT INTO Shifts( work_date, personal_id_personal, shift_types_id_shift_types) VALUES( '2017-02-22', 1, 3);
INSERT INTO Shifts( work_date, personal_id_personal, shift_types_id_shift_types) VALUES( '2017-03-27', 1, 1);
INSERT INTO Shifts( work_date, personal_id_personal, shift_types_id_shift_types) VALUES( '2017-04-19', 1, 3);
INSERT INTO Shifts( work_date, personal_id_personal, shift_types_id_shift_types) VALUES( '2017-05-03', 1, 1);
INSERT INTO Shifts( work_date, personal_id_personal, shift_types_id_shift_types) VALUES( '2017-06-03', 1, 2);
INSERT INTO Shifts( work_date, personal_id_personal, shift_types_id_shift_types) VALUES( '2017-07-19', 1, 2);
INSERT INTO Shifts( work_date, personal_id_personal, shift_types_id_shift_types) VALUES( '2017-08-23', 1, 4);
INSERT INTO Shifts( work_date, personal_id_personal, shift_types_id_shift_types) VALUES( '2017-09-07', 1, 2);
INSERT INTO Shifts( work_date, personal_id_personal, shift_types_id_shift_types) VALUES( '2017-10-13', 1, 3);
INSERT INTO Shifts( work_date, personal_id_personal, shift_types_id_shift_types) VALUES( '2017-11-06', 1, 3);
INSERT INTO Shifts( work_date, personal_id_personal, shift_types_id_shift_types) VALUES( '2017-12-10', 1, 1);
INSERT INTO Shifts( work_date, personal_id_personal, shift_types_id_shift_types) VALUES( '2017-01-10', 1, 2);
INSERT INTO Shifts( work_date, personal_id_personal, shift_types_id_shift_types) VALUES( '2017-02-14', 1, 2);
INSERT INTO Shifts( work_date, personal_id_personal, shift_types_id_shift_types) VALUES( '2017-03-24', 1, 2);
INSERT INTO Shifts( work_date, personal_id_personal, shift_types_id_shift_types) VALUES( '2017-04-22', 1, 3);
INSERT INTO Shifts( work_date, personal_id_personal, shift_types_id_shift_types) VALUES( '2017-05-19', 1, 3);
INSERT INTO Shifts( work_date, personal_id_personal, shift_types_id_shift_types) VALUES( '2017-06-02', 1, 3);
INSERT INTO Shifts( work_date, personal_id_personal, shift_types_id_shift_types) VALUES( '2017-07-15', 1, 2);
INSERT INTO Shifts( work_date, personal_id_personal, shift_types_id_shift_types) VALUES( '2017-08-19', 1, 3);
INSERT INTO Shifts( work_date, personal_id_personal, shift_types_id_shift_types) VALUES( '2017-09-27', 1, 2);
INSERT INTO Shifts( work_date, personal_id_personal, shift_types_id_shift_types) VALUES( '2017-10-13', 1, 1);
INSERT INTO Shifts( work_date, personal_id_personal, shift_types_id_shift_types) VALUES( '2017-11-23', 1, 1);
INSERT INTO Shifts( work_date, personal_id_personal, shift_types_id_shift_types) VALUES( '2017-12-05', 1, 3);
INSERT INTO Shifts( work_date, personal_id_personal, shift_types_id_shift_types) VALUES( '2017-01-04', 1, 3);
INSERT INTO Shifts( work_date, personal_id_personal, shift_types_id_shift_types) VALUES( '2017-02-17', 1, 3);
INSERT INTO Shifts( work_date, personal_id_personal, shift_types_id_shift_types) VALUES( '2017-03-17', 1, 4);
INSERT INTO Shifts( work_date, personal_id_personal, shift_types_id_shift_types) VALUES( '2017-04-03', 1, 2);
INSERT INTO Shifts( work_date, personal_id_personal, shift_types_id_shift_types) VALUES( '2017-05-27', 1, 2);
INSERT INTO Shifts( work_date, personal_id_personal, shift_types_id_shift_types) VALUES( '2017-06-11', 1, 3);
INSERT INTO Shifts( work_date, personal_id_personal, shift_types_id_shift_types) VALUES( '2017-07-10', 1, 2);
INSERT INTO Shifts( work_date, personal_id_personal, shift_types_id_shift_types) VALUES( '2017-08-09', 1, 4);
INSERT INTO Shifts( work_date, personal_id_personal, shift_types_id_shift_types) VALUES( '2017-09-10', 1, 4);
INSERT INTO Shifts( work_date, personal_id_personal, shift_types_id_shift_types) VALUES( '2017-10-24', 1, 2);
INSERT INTO Shifts( work_date, personal_id_personal, shift_types_id_shift_types) VALUES( '2017-11-20', 1, 4);
INSERT INTO Shifts( work_date, personal_id_personal, shift_types_id_shift_types) VALUES( '2017-12-15', 1, 2);
